<ccenv>
	<var name="name" value="praqma" />
	<var name="pvobname" value="${name}_PVOB" />
	<var name="vobname" value="${name}" />
	
  <vob storetag="pvobname" tag="${pvobname}" linuxtag="/vobs/${pvobname}" comment="PVOB" ucmproject="true" stgloc="-auto" mounted="true"/>
  <vob storetag="vobname" tag="${vobname}" linuxtag="/vobs/${vobname}" stgloc="-auto" mounted="true"/>

  <view tag="${name}_setupview" stgloc="-auto"/>
  <context mvfs="m:\" linux="/view" view="${name}_setupview" vob="${vobname}"/>
  
  <component root="" comment="" name="_System" pvob="${pvobname}" />
  <component root="" comment="" name="_Server" pvob="${pvobname}" />
  <component root="" comment="" name="_Client" pvob="${pvobname}" />
  <component root="Service" comment="" name="Service" pvob="${pvobname}" />
  <component root="Model" comment="" name="Model" pvob="${pvobname}" />
  <component root="Clientapp" comment="" name="Clientapp" pvob="${pvobname}" />
  
  <folder name="one-folder" in="RootFolder" pvob="${pvobname}" />
   
  <project name="bootstrap" comment="" model="SIMPLE" pvob="${pvobname}" in="one-folder">
    <components>
      <component name="Service" pvob="${pvobname}" />
      <component name="Model" pvob="${pvobname}"  />
      <component name="Clientapp" pvob="${pvobname}" />
    </components>
    <policies>
      <policy>POLICY_INTERPROJECT_DELIVER</policy>
    </policies>
  </project>
  
  <stream name="bootstrap_int" in="bootstrap" comment="" pvob="${pvobname}" type="integration">
    <baselines>
      <baseline name="_System_INITIAL" pvob="${pvobname}" />
      <baseline name="_Server_INITIAL" pvob="${pvobname}" />
      <baseline name="_Client_INITIAL" pvob="${pvobname}" />
      <baseline name="Service_INITIAL" pvob="${pvobname}" />
      <baseline name="Model_INITIAL" pvob="${pvobname}" />
      <baseline name="Clientapp_INITIAL" pvob="${pvobname}" />
    </baselines>
  </stream>
  
  <view tag="${name}_bootstrap_int" stgloc="-auto">
    <stream name="bootstrap_int" pvob="${pvobname}" />
  </view>

  <context mvfs="m:\" linux="/view" view="${name}_bootstrap_int" vob="${vobname}"/>
  
  <baseline name="_Server_1.0" label="none" comment="" component="_Server" pvob="${pvobname}">
    <dependencies>
      <component name="Service" pvob="${pvobname}" />
      <component name="Model" pvob="${pvobname}" />
    </dependencies>
  </baseline>

  <baseline name="_Client_1.0" label="none" comment="" component="_Client" pvob="${pvobname}">
    <dependencies>
      <component name="Clientapp" pvob="${pvobname}" />
      <component name="Model" pvob="${pvobname}" />
    </dependencies>
  </baseline>
  
  <baseline name="_System_1.0" label="full" comment="" component="_System" pvob="${pvobname}">
    <dependencies>
      <component name="_Server" pvob="${pvobname}" />
      <component name="_Client" pvob="${pvobname}" />
    </dependencies>
  </baseline>
  
  
  <project name="one" comment="" pvob="${pvobname}" in="one-folder">
    <components>
      <component name="Service" pvob="${pvobname}" />
      <component name="Model" pvob="${pvobname}" />
      <component name="Clientapp" pvob="${pvobname}" />
    </components>
    <policies>
      <policy>POLICY_INTERPROJECT_DELIVER</policy>
    </policies>
  </project>
  
  <stream name="stable_int" in="one" comment="" pvob="${pvobname}" type="integration">
    <baselines>
      <baseline name="_System_1.0" pvob="${pvobname}" /> 
    </baselines>
  </stream>
  
  <stream name="one_int" in="one" comment="" pvob="${pvobname}" type="integration" target="stable_int">
    <baselines>
      <baseline name="_System_1.0" pvob="${pvobname}" />
    </baselines>
  </stream>
  
  <project name="jenkins" comment="" pvob="${pvobname}" in="one-folder">
    <policies>
      <policy>POLICY_INTERPROJECT_DELIVER</policy>
    </policies>
  </project>
  
  <stream name="jenkins_int" in="jenkins" comment="" pvob="${pvobname}" type="integration">
  </stream>
  
  <!-- Dev stream #1 -->
  <stream name="one_dev" in="one_int" comment="" pvob="${pvobname}">
    <baselines>
      <baseline name="_System_1.0" pvob="${pvobname}" />
    </baselines>
  </stream>
  
  <view tag="${name}_one_dev" stgloc="-auto">
    <stream name="one_dev" pvob="${pvobname}" />
  </view>

  <!-- Dev stream #2 -->
  <stream name="one_dev2" in="one_int" comment="" pvob="${pvobname}">
    <baselines>
      <baseline name="_System_1.0" pvob="${pvobname}" />
    </baselines>
  </stream>
  
  <view tag="${name}_one_dev2" stgloc="-auto">
    <stream name="one_dev2" pvob="${pvobname}" />
  </view>
  
  <view tag="${name}_one_int" stgloc="-auto">
    <stream name="one_int" pvob="${pvobname}" />
  </view>
  
  <view tag="dispenser" stgloc="-auto">
    <stream name="one_dev" pvob="${pvobname}" />
  </view>
  
  <activity comment="" headline="Dispensing new Baselines" in="one_dev" name="dispener" pvob="${pvobname}" />
  
</ccenv>


